PATENTE,SELLOS,TRANSPORTISTA
CWHD-15,1,VERONICA FERNANDEZ
DBKJ-33,1,FASHIONS PARK
DHDB-21,2,FASHIONS PARK
DPVX-91,2,VERONICA FERNANDEZ
FLJZ-83,1,VERONICA FERNANDEZ
FSVL-52,1,COTELEY
GJHP-85,1,VERONICA FERNANDEZ
GSGH-49,2,VERONICA FERNANDEZ
GZTH-49,2,VERONICA FERNANDEZ
HJVC-57,2,VERONICA FERNANDEZ
HYCS-26,1,EMIX
JB-2548,2,FASHIONS PARK
JCYS-72,2,VERONICA FERNANDEZ
JJHR-41,2,FASHIONS PARK
JJHR-42,2,FASHIONS PARK
JSHJ-97,1,VERONICA FERNANDEZ
JTTP-17,1,VERONICA FERNANDEZ
JTTP-18,1,VERONICA FERNANDEZ
JYKT-55,-,HUARA
KKKL-21,2,VERONICA FERNANDEZ
KWKK-56,1,VERONICA FERNANDEZ
PBWC-77,1,FASHIONS PARK
RGLT-25,2,VERONICA FERNANDEZ
RJDL-44,2,VERONICA FERNANDEZ
RSGW-25,2,FASHIONS PARK
RTGG-67,2,FASHIONS PARK
SCBF-99,1,FASHIONS PARK
SVFC-47,1,VERONICA FERNANDEZ
SVFD-17,2,VERONICA FERNANDEZ
SZHJ-43,2,VERONICA FERNANDEZ
SZHY-41,2,VERONICA FERNANDEZ
TGCD-71,1,COTELEY
TSXW-58,2,COTELEY
TTJB-72,2,VERONICA FERNANDEZ
LTHP-45,1,HUARA
LDCR-59,1,FEDEX
TRVT-22,1,HUARA
HGZY-55,1,HUARA
BFLS-87,1,HUARA
PN-9436 GRJT-95,1,HUARA
RWJY-36 JF-6550,1,HUARA
